{
  "1:5": {
    "Logistic Regression": {
      "accuracy": 0.7413793103448276,
      "precision": 0.7431752873563219,
      "recall": 0.7413793103448276,
      "f1": 0.7133119486768243,
      "confusion_matrix": [
        [
          71,
          5
        ],
        [
          25,
          15
        ]
      ]
    },
    "Random Forest": {
      "accuracy": 0.7327586206896551,
      "precision": 0.7401807117831458,
      "recall": 0.7327586206896551,
      "f1": 0.6964030766571601,
      "confusion_matrix": [
        [
          72,
          4
        ],
        [
          27,
          13
        ]
      ]
    },
    "SVM": {
      "accuracy": 0.7155172413793104,
      "precision": 0.7438722197342887,
      "recall": 0.7155172413793104,
      "f1": 0.6574249436867526,
      "confusion_matrix": [
        [
          74,
          2
        ],
        [
          31,
          9
        ]
      ]
    },
    "Reweighting (Ours)": {
      "accuracy": 0.7586206896551724,
      "precision": 0.7540229885057471,
      "recall": 0.7586206896551724,
      "f1": 0.7553632090837172,
      "confusion_matrix": [
        [
          64,
          12
        ],
        [
          16,
          24
        ]
      ]
    }
  },
  "1:10": {
    "Logistic Regression": {
      "accuracy": 0.6982758620689655,
      "precision": 0.7213091273677803,
      "recall": 0.6982758620689655,
      "f1": 0.6283883819214514,
      "confusion_matrix": [
        [
          74,
          2
        ],
        [
          33,
          7
        ]
      ]
    },
    "Random Forest": {
      "accuracy": 0.6810344827586207,
      "precision": 0.7185461323392358,
      "recall": 0.6810344827586207,
      "f1": 0.5868420513450939,
      "confusion_matrix": [
        [
          75,
          1
        ],
        [
          36,
          4
        ]
      ]
    },
    "SVM": {
      "accuracy": 0.6551724137931034,
      "precision": 0.42925089179548154,
      "recall": 0.6551724137931034,
      "f1": 0.5186781609195402,
      "confusion_matrix": [
        [
          76,
          0
        ],
        [
          40,
          0
        ]
      ]
    },
    "Reweighting (Ours)": {
      "accuracy": 0.7758620689655172,
      "precision": 0.7704228243021347,
      "recall": 0.7758620689655172,
      "f1": 0.7690134099616858,
      "confusion_matrix": [
        [
          67,
          9
        ],
        [
          17,
          23
        ]
      ]
    }
  },
  "1:20": {
    "Logistic Regression": {
      "accuracy": 0.6896551724137931,
      "precision": 0.789408866995074,
      "recall": 0.6896551724137931,
      "f1": 0.5924097912359102,
      "confusion_matrix": [
        [
          76,
          0
        ],
        [
          36,
          4
        ]
      ]
    },
    "Random Forest": {
      "accuracy": 0.646551724137931,
      "precision": 0.5439934899806734,
      "recall": 0.646551724137931,
      "f1": 0.5290835571509188,
      "confusion_matrix": [
        [
          74,
          2
        ],
        [
          39,
          1
        ]
      ]
    },
    "SVM": {
      "accuracy": 0.6551724137931034,
      "precision": 0.42925089179548154,
      "recall": 0.6551724137931034,
      "f1": 0.5186781609195402,
      "confusion_matrix": [
        [
          76,
          0
        ],
        [
          40,
          0
        ]
      ]
    },
    "Reweighting (Ours)": {
      "accuracy": 0.7413793103448276,
      "precision": 0.7362547892720306,
      "recall": 0.7413793103448276,
      "f1": 0.737889152589697,
      "confusion_matrix": [
        [
          63,
          13
        ],
        [
          17,
          23
        ]
      ]
    }
  }
}