{
  "0.1": {
    "Logistic Regression": {
      "accuracy": 0.9534883720930233,
      "precision": 0.9534883720930233,
      "recall": 0.9534883720930233,
      "f1": 0.9534883720930233,
      "confusion_matrix": [
        [
          30,
          2
        ],
        [
          2,
          52
        ]
      ]
    },
    "Random Forest": {
      "accuracy": 0.9186046511627907,
      "precision": 0.9268461627265615,
      "recall": 0.9186046511627907,
      "f1": 0.9195781427416794,
      "confusion_matrix": [
        [
          31,
          1
        ],
        [
          6,
          48
        ]
      ]
    },
    "SVM": {
      "accuracy": 0.9767441860465116,
      "precision": 0.9767441860465116,
      "recall": 0.9767441860465116,
      "f1": 0.9767441860465116,
      "confusion_matrix": [
        [
          31,
          1
        ],
        [
          1,
          53
        ]
      ]
    },
    "Reweighting (Ours)": {
      "accuracy": 0.9418604651162791,
      "precision": 0.9451631815516904,
      "recall": 0.9418604651162791,
      "f1": 0.9423315317102197,
      "confusion_matrix": [
        [
          31,
          1
        ],
        [
          4,
          50
        ]
      ]
    }
  },
  "0.2": {
    "Logistic Regression": {
      "accuracy": 0.8837209302325582,
      "precision": 0.8955018359853122,
      "recall": 0.8837209302325582,
      "f1": 0.8852843462966582,
      "confusion_matrix": [
        [
          30,
          2
        ],
        [
          8,
          46
        ]
      ]
    },
    "Random Forest": {
      "accuracy": 0.9186046511627907,
      "precision": 0.9268461627265615,
      "recall": 0.9186046511627907,
      "f1": 0.9195781427416794,
      "confusion_matrix": [
        [
          31,
          1
        ],
        [
          6,
          48
        ]
      ]
    },
    "SVM": {
      "accuracy": 0.9651162790697675,
      "precision": 0.9656016062334623,
      "recall": 0.9651162790697675,
      "f1": 0.9652216073428853,
      "confusion_matrix": [
        [
          31,
          1
        ],
        [
          2,
          52
        ]
      ]
    },
    "Reweighting (Ours)": {
      "accuracy": 0.9651162790697675,
      "precision": 0.9656016062334623,
      "recall": 0.9651162790697675,
      "f1": 0.9652216073428853,
      "confusion_matrix": [
        [
          31,
          1
        ],
        [
          2,
          52
        ]
      ]
    }
  },
  "0.3": {
    "Logistic Regression": {
      "accuracy": 0.872093023255814,
      "precision": 0.8952921157118549,
      "recall": 0.872093023255814,
      "f1": 0.874163746416056,
      "confusion_matrix": [
        [
          31,
          1
        ],
        [
          10,
          44
        ]
      ]
    },
    "Random Forest": {
      "accuracy": 0.8604651162790697,
      "precision": 0.8985200845665963,
      "recall": 0.8604651162790697,
      "f1": 0.8627600979192168,
      "confusion_matrix": [
        [
          32,
          0
        ],
        [
          12,
          42
        ]
      ]
    },
    "SVM": {
      "accuracy": 0.9302325581395349,
      "precision": 0.9412484700122399,
      "recall": 0.9302325581395349,
      "f1": 0.9311706077779949,
      "confusion_matrix": [
        [
          32,
          0
        ],
        [
          6,
          48
        ]
      ]
    },
    "Reweighting (Ours)": {
      "accuracy": 0.8953488372093024,
      "precision": 0.9039751664336382,
      "recall": 0.8953488372093024,
      "f1": 0.8966004692393024,
      "confusion_matrix": [
        [
          30,
          2
        ],
        [
          7,
          47
        ]
      ]
    }
  },
  "0.4": {
    "Logistic Regression": {
      "accuracy": 0.8255813953488372,
      "precision": 0.8416117941105571,
      "recall": 0.8255813953488372,
      "f1": 0.82813528650605,
      "confusion_matrix": [
        [
          28,
          4
        ],
        [
          11,
          43
        ]
      ]
    },
    "Random Forest": {
      "accuracy": 0.7325581395348837,
      "precision": 0.7851787005671222,
      "recall": 0.7325581395348837,
      "f1": 0.7363802976060471,
      "confusion_matrix": [
        [
          28,
          4
        ],
        [
          19,
          35
        ]
      ]
    },
    "SVM": {
      "accuracy": 0.8372093023255814,
      "precision": 0.8651464814255513,
      "recall": 0.8372093023255814,
      "f1": 0.8399030259495377,
      "confusion_matrix": [
        [
          30,
          2
        ],
        [
          12,
          42
        ]
      ]
    },
    "Reweighting (Ours)": {
      "accuracy": 0.9186046511627907,
      "precision": 0.9268461627265615,
      "recall": 0.9186046511627907,
      "f1": 0.9195781427416794,
      "confusion_matrix": [
        [
          31,
          1
        ],
        [
          6,
          48
        ]
      ]
    }
  }
}